candidate_id,candidate_origin,name,brand_or_handle,segment,primary_platform_or_asset,public_profile_url,contact_type,contact_source_url,contact_value_public,match_reason,owned_audience_signal,monetization_signal,ai_affinity,network_value_signal,evidence_url_1,evidence_summary_1,evidence_url_2,evidence_summary_2,fit_audience,fit_monetization,fit_multiplatform,fit_content_pressure,fit_fan_relationship,fit_ai_affinity,fit_score,act_reachability,act_early_adopter,act_switching_ease,act_size_fit,act_immediate_value,activation_score,net_managed_creator_network,net_creator_facing_audience,net_owned_community,net_distribution_leverage,network_score,priority_score,priority,previous_fit_score,previous_activation_score,previous_network_score,previous_priority_score,verification_level,verified_at,funnel_status,outreach_status,risk_or_caveat,scoring_version
021,new80,Jay Clouse,Creator Science,Creator Entrepreneur / Creator Educator,Newsletter + podcast + community + YouTube,https://creatorscience.com/author/jayclouse/,Official site / newsletter / social,https://creatorscience.com/author/jayclouse/,官网联系与公开社媒,经营 Creator Science 内容、会员、播客与教育产品，并持续讨论 AI/Vibe Coding；是完整 Creator Business 的高质量样本。,High,Membership / education / sponsorship / community,High,Very High,https://creatorscience.com/author/jayclouse/,官方作者页可核验 Creator Science 业务和持续内容。,https://creatorscience.com/,Creator Science 主页展示创作者教育与商业体系。,20,20,15,15,15,10,95,10,15,15,10,20,70,20,25,25,15,85,85.5,P0,96,75,95,89.5,A,2026-09-13,candidate_verified,not_contacted_case_restriction,,v2.0-evidence-rubric-50-30-20
020,pilot20,Muhammad Kamran Blouch,Kamran AI Insights,AI-native Creator / Educator,LinkedIn + YouTube + Discord/WhatsApp community,https://www.linkedin.com/in/muhammad-kamran-blouch-94334a19a/,Public business email / LinkedIn / Instagram,https://salda.ws/video.php?id=WxtwLIzQ_-0,kamranaiinsights@gmail.com; LinkedIn Muhammad Kamran Blouch; Instagram @kamranaiinsights,教授 AI Influencer 创建并运营社群，兼具 AI 接受度和 Network Value。,Medium-High,Education / community,High,High,https://www.linkedin.com/in/muhammad-kamran-blouch-94334a19a/,"Public LinkedIn profile confirms Muhammad Kamran Blouch, active AI/automation creator, ~3K followers, and ongoing Agentic AI content.",https://salda.ws/video.php?id=TWN4FhJlhbM,"Aug 2026 current video repeats LinkedIn/Instagram, Discord/WhatsApp community and business email, confirming cross-platform identity and reachability.",15,15,15,15,10,15,85,25,20,15,15,20,95,10,20,15,15,60,83.0,P1,83,83,70,80.4,A,2026-09-13,candidate_verified,not_contacted_case_restriction,Contact email is confirmed in multiple current video descriptions; LinkedIn provides first-party identity/activity corroboration.,v2.0-evidence-rubric-50-30-20
075,new80,David Ondrej,David Ondrej / New Society,AI-native Creator / Community,YouTube + paid community,https://linktr.ee/davidondrejvision,Official link hub / social,https://linktr.ee/davidondrejvision,官方社媒/社区入口,AI Creator + 付费社区运营者，既有技术亲和也有订阅/社区业务，和 Onely 的完整价值链高度一致。,High,Paid community / education / sponsorship,Very High,High,https://www.skool.com/%40davidondrej,公开 Skool 页面可核验付费社区。,https://linktr.ee/davidondrejvision,官方链接页。,20,20,10,10,15,15,90,10,20,15,10,20,75,10,10,20,10,50,77.5,P1,93,86,83,88.9,B,2026-09-13,candidate_verified,not_contacted_case_restriction,,v2.0-evidence-rubric-50-30-20
100,new80,Neuro-sama,Neuro-sama / Vedal AI,AI-native Virtual Creator,Twitch + YouTube + music + merch + community,https://vedal.ai/,Public business email,https://vedal.ai/,vedal@vedal.ai,原生 AI VTuber，拥有直播、音乐、商品、社区和开源技术生态，是 Onely 虚拟 Creator 场景中最贴近 AI-native 的样本之一。,High,Merch / music / community / creator media,Very High,High,https://vedal.ai/,官方站点明确 Neuro-sama 为 AI VTuber，并展示多平台、商品、音乐和社区。,https://vedal.ai/,官方站点公开联系邮箱。,20,20,15,15,10,15,95,20,20,10,10,20,80,0,0,10,15,25,76.5,P1,99,88,90,93.9,A,2026-09-13,candidate_verified,not_contacted_case_restriction,,v2.0-evidence-rubric-50-30-20
063,new80,Greg Isenberg,Greg Isenberg,AI-native Creator / Community Builder,Newsletter + podcast + community/business,https://www.gregisenberg.com/,Official site / newsletter,https://www.gregisenberg.com/,官网联系/Newsletter,专注社区型创业、AI 产品和内容自动化，拥有 Newsletter/Podcast 与创作者/创业者网络。,High,Newsletter / media / community / products,Very High,Very High,https://www.gregisenberg.com/,官方主页。,https://www.gregisenberg.com/about-me,官方 About 展示社区与创业背景。,20,15,15,15,10,15,90,0,20,20,10,20,70,10,10,10,15,45,75.0,P1,93,55,90,81.0,A,2026-09-13,candidate_verified,not_contacted_case_restriction,,v2.0-evidence-rubric-50-30-20
003,pilot20,Estelle Dia,Estelle Dia,Creator Entrepreneur / Social Media Educator,Podcast + social + store,https://podcasts.apple.com/hr/podcast/estelledia/id1883307075,Public business email / social,https://podcasts.apple.com/hr/podcast/estelledia/id1883307075,节目页公开商务联系与社媒,持续输出社媒增长内容，并有课程、获客资料和商店；对一体化内容、粉丝与变现工具匹配度高。,High,Course / digital products / creator education,Medium-High,High,https://podcasts.apple.com/hr/podcast/estelledia/id1883307075,公开节目页可核验持续内容与联系渠道。,,,20,20,10,15,5,10,80,25,10,15,10,20,80,20,25,0,10,55,75.0,P1,91,80,70,83.5,B,2026-09-13,candidate_verified,not_contacted_case_restriction,,v2.0-evidence-rubric-50-30-20
024,new80,Roberto Blake,Roberto Blake / Awesome Creator Academy,Creator Entrepreneur / Creator Educator,YouTube + academy + newsletter,https://robertoblake.com/,Public business email,https://robertoblake.com/contact/,info@robertoblake.com,长期 Creator 教育者并经营 Awesome Creator Academy，可直接提供高质量 Beta 反馈，且具备创作者网络扩散价值。,High,Academy / courses / sponsorship / consulting,Medium-High,Very High,https://www.awesomecreatoracademy.com/,官方 Academy 展示创作者教育与社群。,https://robertoblake.com/contact/,官方联系页提供商务联系。,20,20,10,10,10,10,80,20,10,15,10,20,75,20,25,5,10,60,74.5,P2,95,70,98,88.1,A,2026-09-13,candidate_verified,not_contacted_case_restriction,,v2.0-evidence-rubric-50-30-20
068,new80,Liam Ottley,Liam Ottley,AI-native Creator / AI Agency Educator,YouTube + community + AI businesses,https://www.liamottley.com/,Official site / community,https://www.liamottley.com/,官网社群/联系入口,运营 AI 教育、社区和多项 AI 业务，对 Creator/Agency 工作流均有匹配。,High,Community / education / AI business programs,Very High,Very High,https://www.liamottley.com/,官方主页展示 AI 业务与社区。,,,20,15,10,10,10,15,80,0,20,10,10,20,60,35,20,15,10,80,74.0,P2,93,68,90,84.9,A,2026-09-13,candidate_verified,not_contacted_case_restriction,,v2.0-evidence-rubric-50-30-20
071,new80,Gergely Orosz,The Pragmatic Engineer,Tech Creator / Newsletter,Newsletter + company plans,https://newsletter.pragmaticengineer.com/about,Public business email,https://blog.pragmaticengineer.com/contact/,hello@pragmaticengineer.com,拥有大型付费技术 Newsletter、企业计划和高度专业受众，商业化明确。,High,Paid newsletter / company subscriptions / sponsorship,High,High,https://newsletter.pragmaticengineer.com/about,官方 Newsletter About。,https://blog.pragmaticengineer.com/contact/,官方联系页。,20,20,5,10,15,10,80,20,15,10,10,20,75,20,10,20,5,55,73.5,P2,86,45,85,73.5,A,2026-09-13,candidate_verified,not_contacted_case_restriction,规模大且垂直技术向，对 Onely 全模块需求不如 Creator Educator。,v2.0-evidence-rubric-50-30-20
098,new80,CodeMiko,CodeMiko,Virtual Creator / VTuber,Twitch + YouTube + community + merch,https://linktr.ee/codemiko,Public business email,https://linktr.ee/codemiko,codemiko@underscoretalent.com,虚拟直播 Creator，运营多平台、Discord、独家内容、商品和品牌合作，Creator Business 闭环完整。,High,Merch / partnerships / exclusive content / community,High,High,https://linktr.ee/codemiko,官方 Linktree 显示多平台、社群、商业合作与商务邮箱。,https://linktr.ee/codemiko/shop,官方商品/合作入口。,20,15,15,15,10,15,90,20,15,10,10,20,75,0,0,10,15,25,72.5,P2,96,78,88,89.0,A,2026-09-13,candidate_verified,not_contacted_case_restriction,,v2.0-evidence-rubric-50-30-20
035,new80,Justin Moore,Creator Wizard,Creator Entrepreneur / Creator Educator,Newsletter + coaching + community,https://www.creatorwizard.com/about,Official site / newsletter,https://www.creatorwizard.com/,官网联系/Newsletter,长期研究品牌合作，经营 Creator Wizard、社群、教练和教育产品；可同时作为用户和 Creator Network 节点。,High,Education / coaching / sponsorship training / community,Medium-High,Very High,https://www.creatorwizard.com/about,官方 About 介绍长期 Creator 与品牌合作经历。,https://pages.creatorwizard.com/,官方 Newsletter/Creator 资源入口。,20,20,10,10,10,10,80,0,10,15,10,20,55,30,25,15,10,80,72.5,P2,97,82,99,92.9,A,2026-09-13,candidate_verified,not_contacted_case_restriction,,v2.0-evidence-rubric-50-30-20
019,pilot20,Manav Singh,Manav Singh,AI-native Creator / Educator,YouTube + Instagram,https://www.instagram.com/manavsingh.ai/,Public business email / Instagram,https://salda.ws/video.php?id=42vdBvns21I,manavsinghcreations@gmail.com; Instagram @manavsingh.ai,持续教授 AI Influencer、AI UGC 和视频生成工作流，与 Onely 的目标用户高度重叠。,Medium-High,Education / creator content,High,Medium,https://salda.ws/video.php?id=42vdBvns21I,Jul 2026 video lists Instagram @manavsingh.ai and business email while teaching AI influencer workflows.,https://salda.ws/video.php?id=uiEjH3_j4Ug,"Aug 2026 video independently repeats the same Instagram handle and business email, confirming current activity and contact consistency.",15,15,10,10,5,15,70,25,20,15,15,20,95,10,20,0,10,40,71.5,P2,84,84,55,78.2,B,2026-09-13,candidate_verified,not_contacted_case_restriction,"Identity/activity/contact are cross-checked across multiple current video descriptions, but direct first-party YouTube/Instagram pages were not fetchable in this verification pass; keep at B rather than A.",v2.0-evidence-rubric-50-30-20
066,new80,Nathan Lands,Lore Brief,AI-native Creator / Media,AI newsletter + podcast + products,https://nathanlands.com/,Official site / social,https://nathanlands.com/,官网公开联系/社媒,经营 AI Newsletter、Podcast、产品与社区，兼具 Builder 与 Creator 属性，早期采用意愿高。,High,Newsletter / media / products / community,Very High,High,https://nathanlands.com/,官方主页展示 AI 内容和业务。,,,20,15,10,15,10,15,85,10,20,15,10,20,75,0,10,10,10,30,71.0,P2,92,80,78,85.6,A,2026-09-13,candidate_verified,not_contacted_case_restriction,,v2.0-evidence-rubric-50-30-20
026,new80,Jade Beason,Jade Beason,Creator Entrepreneur / Creator Educator,Newsletter + consulting + creator education,https://jadebeason.com/,Public business email,https://jadebeason.com/contact,hello@jadebeason.com,专注 Creator Economy 教育、咨询和公开演讲，既是用户又具有较高网络价值。,High,Consulting / education / newsletter,Medium-High,High,https://jadebeason.com/,官方主页展示创作者教育与咨询业务。,https://jadebeason.com/contact,官方联系页公开商务邮箱。,20,20,5,10,10,10,75,20,10,15,10,20,75,20,25,5,5,55,71.0,P2,90,80,80,85.0,A,2026-09-13,candidate_verified,not_contacted_case_restriction,,v2.0-evidence-rubric-50-30-20
048,new80,Pat Flynn,Smart Passive Income,Creator Entrepreneur / Educator,Podcast + YouTube + courses + community,https://www.smartpassiveincome.com/,Official contact form,https://www.smartpassiveincome.com/contact/,官网联系表单,成熟 Creator Business，覆盖播客、YouTube、课程、社群和创业教育；网络价值高。,High,Courses / community / sponsorship / media,Medium-High,Very High,https://www.smartpassiveincome.com/,官方主页展示内容和商业产品。,https://www.smartpassiveincome.com/contact/,官方联系入口。,20,15,15,15,10,10,85,15,10,15,10,20,70,10,0,10,15,35,70.5,P2,94,55,95,82.5,A,2026-09-13,candidate_verified,not_contacted_case_restriction,,v2.0-evidence-rubric-50-30-20
036,new80,Colin Rosenblum & Samir Chaudry,Colin and Samir,Creator Entrepreneur / Media,YouTube + newsletter + creator course,https://www.colinandsamir.com/blueprint,Public business email,https://www.colinandsamir.com/blueprint,colinandsamir@gmail.com,专注 Creator Economy 的媒体和教育品牌，拥有课程、Newsletter 与创作者社区，网络价值极高。,High,Media / course / sponsorship / newsletter,Medium-High,Very High,https://www.colinandsamir.com/blueprint,官方 Creator Business 教育产品。,https://www.colinandsamir.com/,官方品牌主页。,20,15,10,15,10,10,80,20,10,15,10,20,75,0,25,5,10,40,70.5,P2,96,62,98,86.2,A,2026-09-13,candidate_verified,not_contacted_case_restriction,,v2.0-evidence-rubric-50-30-20
074,new80,Mckay Wrigley,Mckay Wrigley / Takeoff AI,AI-native Creator / Educator,AI education + community,https://www.mckaywrigley.com/,Public business email,https://www.mckaywrigley.com/contact,mckay@mckaywrigley.com,构建并教授 AI，有明确教育/社区业务和公开邮箱，是高概率 Beta Early Adopter。,High,AI education / community / sponsorship,Very High,Medium-High,https://www.mckaywrigley.com/,官方主页。,https://www.mckaywrigley.com/contact,官方联系页公开邮箱。,20,15,5,5,10,15,70,20,20,15,10,20,85,10,20,15,5,50,70.5,P2,94,91,62,86.7,A,2026-09-13,candidate_verified,not_contacted_case_restriction,,v2.0-evidence-rubric-50-30-20
001,pilot20,Rocky Veen,Rocky Veen,AI-native Creator / Tech UGC,Website + Instagram/TikTok,https://rockyveen.com/,Public business email / DM,https://rockyveen.com/,官网公开合作邮箱/社媒,AI、SaaS、Creator Tech 垂类，已有大量商业内容与自有受众；既懂软件又具备内容商业化能力。,High,Brand collaborations / creator services,High,Medium-High,https://rockyveen.com/,官网明确定位 AI/SaaS/Tech UGC，并展示商业合作与受众规模。,https://rockyveen.com/,官网提供合作联系渠道与社媒入口。,15,15,10,15,5,15,75,25,20,20,10,20,95,0,10,0,10,20,70.0,P2,92,82,65,83.6,A,2026-09-13,candidate_verified,not_contacted_case_restriction,,v2.0-evidence-rubric-50-30-20
065,new80,Ben Tossell,Ben's Bites,AI-native Creator / Newsletter,AI newsletter + education,https://bentossell.com/,Public team email,https://catalog.bensbites.com/lp/marketing-transformation-pack,team@bensbites.co,经营 AI Newsletter、教育内容与产品，拥有稳定受众和商业化渠道，且公开联系清晰。,High,Newsletter / education / sponsorship,Very High,Very High,https://bentossell.com/,官方个人主页。,https://catalog.bensbites.com/about,Ben's Bites 官方介绍。,20,15,5,10,10,15,75,20,20,15,10,20,85,10,10,5,5,30,69.0,P2,95,65,90,85.0,A,2026-09-13,candidate_verified,not_contacted_case_restriction,,v2.0-evidence-rubric-50-30-20
040,new80,Josh Spector,Josh Spector,Creator Entrepreneur / Audience Strategist,Newsletter + consulting,https://joshspector.com/,Public business email,https://joshspector.com/contact/,josh@joshspector.com,专注受众增长与 Creator Business，经营 Newsletter、咨询和教育产品，且直接公开联系方式。,High,Consulting / newsletter / education,Medium-High,High,https://joshspector.com/,官方主页展示 Creator/Audience 业务。,https://joshspector.com/contact/,官方联系页公开邮箱。,20,20,5,10,10,10,75,20,10,15,10,20,75,10,25,5,5,45,69.0,P2,91,84,80,86.7,A,2026-09-13,candidate_verified,not_contacted_case_restriction,,v2.0-evidence-rubric-50-30-20
037,new80,Anne-Laure Le Cunff,Ness Labs,Creator Entrepreneur / Educator,Newsletter + community + courses,https://nesslabs.com/consulting,Official booking/contact,https://nesslabs.com/consulting,官网咨询/联系入口,运营 Newsletter、会员社群、课程和咨询，典型知识型 Creator Business，工具碎片化程度高。,High,Membership / consulting / courses / newsletter,High,High,https://nesslabs.com/consulting,官方咨询页展示商业服务。,https://nesslabs.com/,Ness Labs 主页展示内容与社群业务。,20,20,10,10,15,10,85,0,15,15,10,20,60,10,0,20,10,40,68.5,P2,93,75,88,86.6,A,2026-09-13,candidate_verified,not_contacted_case_restriction,,v2.0-evidence-rubric-50-30-20
067,new80,Alex Volkov,ThursdAI,AI-native Creator / Community,AI show + newsletter + community,https://thursdai.news/about,Official site / social,https://thursdai.news/about,官网社媒/联系入口,经营 AI Show、Newsletter 并有产品/咨询背景，社区属性和 AI 深度兼具。,High,Media / consulting / community,Very High,High,https://thursdai.news/about,官方 About 展示 AI 节目和个人业务。,,,20,15,10,10,10,15,80,10,20,15,10,20,75,0,10,10,10,30,68.5,P2,90,82,70,83.6,A,2026-09-13,candidate_verified,not_contacted_case_restriction,,v2.0-evidence-rubric-50-30-20
054,new80,Rachel Woods,The AI Exchange,AI-native Creator / Community,Community + AI education,https://www.theaiexchange.com/community-membership,Official site / membership contact,https://www.theaiexchange.com/community-membership,官网联系/会员入口,经营付费 AI 社群与教育产品，自有受众、订阅和社区关系均与 Onely 核心模块强匹配。,High,Paid membership / AI education / community,Very High,Very High,https://www.theaiexchange.com/community-membership,官方付费会员页面。,https://parrotlabs.io/,公开业务背景可交叉核验。,20,20,5,5,15,15,80,0,20,15,10,20,65,10,10,20,5,45,68.5,P2,96,85,90,91.5,A,2026-09-13,candidate_verified,not_contacted_case_restriction,,v2.0-evidence-rubric-50-30-20
002,pilot20,Maureen Evelyn,Maureen Evelyn / Viral Creator Circle,Creator Entrepreneur,Skool + social,https://www.skool.com/the-creator-accelerator-7580/about,Community / public social,https://www.skool.com/the-creator-accelerator-7580/about,Skool/公开社媒,经营 Creator 教育、会员/社群与服务，已经形成内容→受众→付费的 Creator Business 闭环。,High,Membership / creator education / coaching,Medium,High,https://www.skool.com/the-creator-accelerator-7580/about,公开社群页显示 Creator 教育和会员运营。,,,20,20,10,10,15,5,80,10,5,15,10,20,60,20,0,20,10,50,68.0,P2,94,70,82,84.4,B,2026-09-13,candidate_verified,not_contacted_case_restriction,提交前建议再核对最新公开商务邮箱。,v2.0-evidence-rubric-50-30-20
033,new80,Nicolas Cole,Nicolas Cole,Creator Entrepreneur / Writing Educator,Newsletter + writing products,https://www.nicolascole.com/,Official contact form,https://www.nicolascole.com/,官网联系入口,经营写作教育、Newsletter、书籍和数字产品，并公开讨论 AI 写作与内容商业化。,High,Writing programs / paid content / books,High,High,https://www.nicolascole.com/,官方主页展示写作与商业产品。,,,20,20,5,10,10,10,75,15,15,15,10,20,75,10,20,5,5,40,68.0,P2,92,76,82,85.2,A,2026-09-13,candidate_verified,not_contacted_case_restriction,,v2.0-evidence-rubric-50-30-20
041,new80,Amanda Natividad,Amanda Natividad,Creator Entrepreneur / Marketing Educator,Newsletter + podcast + consulting,https://amandanat.com/,Official site / social,https://amandanat.com/,官网公开社媒/联系入口,运营 Zero Click Marketing 内容、Newsletter、播客与咨询，具备稳定受众和营销工具使用经验。,High,Consulting / newsletter / sponsorship,High,Medium-High,https://amandanat.com/,官方主页展示内容与商业服务。,,,20,15,10,10,10,10,75,10,15,15,10,20,70,10,20,5,10,45,67.5,P2,89,75,72,81.4,A,2026-09-13,candidate_verified,not_contacted_case_restriction,,v2.0-evidence-rubric-50-30-20
064,new80,Dan Shipper,Every,AI-native Creator / Media,AI newsletter + podcast + software,https://danshipper.com/,Official publication contact,https://every.to/about,Every 团队/公开联系入口,Every 将 AI 媒体、Podcast、软件与付费订阅结合，是 Onely Creator Business 模式的高 Fit 对照。,High,Paid media / software / podcast / newsletter,Very High,Very High,https://danshipper.com/,官方个人主页。,https://every.to/about,Every 官方 About 展示媒体+软件业务。,20,15,10,15,10,15,85,0,20,15,10,20,65,0,10,5,10,25,67.0,P2,94,55,90,81.5,A,2026-09-13,candidate_verified,not_contacted_case_restriction,,v2.0-evidence-rubric-50-30-20
038,new80,Arvid Kahl,The Bootstrapped Founder,Creator Entrepreneur,Newsletter + podcast + books + calls,https://linktr.ee/arvidkahl,Public support email,https://thebootstrappedfounder.com/privacy-policy/,support@thebootstrappedfounder.com,作者、创业者和教育型 Creator，经营 Newsletter、Podcast、书籍、课程/咨询，单人商业属性强。,High,Books / newsletter / podcast / consulting,High,High,https://linktr.ee/arvidkahl,官方链接页汇总多种内容和商业资产。,https://thebootstrappedfounder.com/,官方内容品牌主页。,20,20,10,10,10,10,80,20,15,15,10,20,80,0,0,5,10,15,67.0,P2,92,82,85,87.6,A,2026-09-13,candidate_verified,not_contacted_case_restriction,,v2.0-evidence-rubric-50-30-20
043,new80,Steph Smith,Steph Smith,Creator Entrepreneur / Tech Creator,Newsletter + book + community,https://stephsmith.io/,Official site / social,https://stephsmith.io/,官网公开社媒/联系入口,科技/内容交叉型 Creator，经营书籍、内容产品和社区，熟悉 Creator Program 与 AI 工具。,High,Book / community / digital products,High,High,https://stephsmith.io/,官方主页展示内容、产品和社区。,,,20,20,10,10,10,10,80,10,15,15,10,20,70,0,10,10,10,30,67.0,P2,87,65,75,78.0,A,2026-09-13,candidate_verified,not_contacted_case_restriction,,v2.0-evidence-rubric-50-30-20
028,new80,Ali Abdaal,Ali Abdaal,Creator Entrepreneur,YouTube + newsletter + courses + apps,https://aliabdaal.com/,Official contact / sponsorship form,https://aliabdaal.com/contact/,官网联系/赞助表单,拥有 Newsletter、课程、App 和成熟内容团队，完整覆盖 Creator Business，但体量大、切换成本高。,High,Courses / apps / sponsorship / newsletter,High,Very High,https://aliabdaal.com/,官方主页展示内容、Newsletter、产品与课程。,https://aliabdaal.com/contact/,官方联系页。,20,20,10,10,10,10,80,15,15,15,10,20,75,0,0,5,10,15,65.5,P2,96,45,90,79.5,A,2026-09-13,candidate_verified,not_contacted_case_restriction,更适合作为高 Fit 参照组，而非首日优先触达。,v2.0-evidence-rubric-50-30-20
031,new80,Tiago Forte,Forte Labs / Building a Second Brain,Creator Entrepreneur / Educator,Newsletter + courses + community,https://www.buildingasecondbrain.com/,Public support email,https://www.buildingasecondbrain.com/,support@fortelabs.com,拥有课程、书籍、Newsletter、社群，并在 2026 持续做 AI 教育；付费受众和 AI 接受度都很强。,High,Courses / community / books / newsletter,High,Very High,https://buildingasecondbrain.com/ai-second-brain,官方 AI 课程页面，显示 AI 方向活跃。,https://www.buildingasecondbrain.com/,官方主页。,20,20,10,10,10,10,80,20,15,5,5,20,65,10,0,10,10,30,65.5,P2,95,52,94,81.9,A,2026-09-13,candidate_verified,not_contacted_case_restriction,规模较大，适合 P1 参照。,v2.0-evidence-rubric-50-30-20
049,new80,Wes Kao,Wes Kao,Creator Entrepreneur / Educator,Newsletter + courses + coaching,https://www.weskao.com/home,Official site / public email,https://www.weskao.com/home,官网公开联系入口,面向运营者和知识工作者经营 Newsletter、课程/辅导，拥有稳定高价值受众和教育产品。,High,Courses / coaching / newsletter,High,High,https://www.weskao.com/home,官方主页展示内容、受众和服务。,,,20,20,5,10,10,10,75,20,15,15,10,20,80,10,0,5,5,20,65.5,P2,91,65,88,82.6,A,2026-09-13,candidate_verified,not_contacted_case_restriction,,v2.0-evidence-rubric-50-30-20
032,new80,David Perell,David Perell / Write of Passage,Creator Entrepreneur / Educator,Newsletter + course + podcast,https://perell.com/start-here/,Public business email,https://perell.com/start-here/,hello@perell.com,经营写作课程、Newsletter、Podcast 和长期个人品牌，拥有高价值受众和付费教育产品。,High,Course / newsletter / podcast,Medium-High,Very High,https://perell.com/write-of-passage-course/,官方课程页展示付费产品。,https://perell.com/start-here/,官方主页提供联系信息。,20,15,10,10,10,10,75,20,10,15,10,20,75,10,0,5,10,25,65.0,P2,94,73,92,87.3,A,2026-09-13,candidate_verified,not_contacted_case_restriction,,v2.0-evidence-rubric-50-30-20
058,new80,Paul Couvert,Paul Couvert,AI-native Creator / Educator,AI/no-code content + newsletter,https://paulcouvert.com/,Official site / consulting,https://paulai.cc/,Newsletter/咨询入口,持续教授 AI/No-code、经营 Newsletter 和咨询，具备高 AI 亲和和商业化意愿。,High,Newsletter / consulting / sponsorship,Very High,Medium-High,https://paulcouvert.com/about,官方 About 可核验 AI Creator 身份。,https://paulai.cc/,Newsletter/商业入口。,20,15,5,10,10,15,75,0,20,15,10,20,65,10,20,5,5,40,65.0,P2,92,86,65,84.8,A,2026-09-13,candidate_verified,not_contacted_case_restriction,,v2.0-evidence-rubric-50-30-20
010,pilot20,Caitie,Caitie UGC,Tech/SaaS UGC,Website + TikTok/Instagram/YouTube,https://caitieugc.com/,Public email / contact form,https://caitieugc.com/,官网公开联系,专注 AI App、软件和科技内容，并有多平台与品牌合作经验；非常容易进入产品试用。,Medium,UGC / brand services,High,Medium,https://caitieugc.com/,官网展示 Tech/AI App 内容与商业合作。,,,10,15,15,15,5,10,70,25,15,20,15,15,90,0,0,0,15,15,65.0,P2,80,91,48,76.9,A,2026-09-13,candidate_verified,not_contacted_case_restriction,自有商业化和粉丝关系需求需要进一步确认。,v2.0-evidence-rubric-50-30-20
022,new80,Justin Welsh,Justin Welsh,Creator Entrepreneur,Newsletter + courses + social,https://learn.justinwelsh.me/about,Public support email / contact page,https://learn.justinwelsh.me/contact,support@justinwelsh.me,典型一人公司 Creator，拥有大规模 Newsletter、课程和数字产品；Onely 的内容→受众→销售闭环高度匹配。,High,Courses / newsletter / digital products / sponsorship,Medium-High,High,https://learn.justinwelsh.me/about,官方 About 展示创作者业务、受众和课程。,https://learn.justinwelsh.me/contact,官方联系页公开支持邮箱与商务渠道。,20,20,10,10,10,10,80,20,10,10,10,20,70,0,0,5,10,15,64.0,P3,94,62,85,82.6,A,2026-09-13,candidate_verified,not_contacted_case_restriction,成熟工具栈可能提高切换成本。,v2.0-evidence-rubric-50-30-20
051,new80,Matt Wolfe,Future Tools,AI-native Creator,Newsletter + YouTube + AI directory,https://futuretools.io/about,Official business inquiry form,https://mattwolfe.com/contact,官网商务表单,经营 Future Tools、AI Newsletter 与 YouTube，是高 AI 亲和、高受众所有权的 Creator Business。,High,Newsletter / sponsorship / media / AI directory,Very High,High,https://futuretools.io/about,官方 About 展示 Future Tools 与 AI 内容业务。,https://mattwolfe.com/contact,官方商务联系入口。,20,5,10,10,10,15,70,15,20,15,10,20,80,0,10,5,10,25,64.0,P3,95,68,87,85.3,A,2026-09-13,candidate_verified,not_contacted_case_restriction,,v2.0-evidence-rubric-50-30-20
025,new80,Latasha James,Latasha James,Creator Entrepreneur / Marketing Educator,YouTube + courses + services,https://www.latashajames.com/,Public business email,https://www.latashajames.com/contact,hey@latashajames.com,内容创作者、营销策略师和商业教练，经营课程、服务与多平台内容；与 Onely 的运营整合价值高度匹配。,High,Courses / services / creator education,High,Very High,https://www.latashajames.com/,官方主页展示 Creator/Marketing 业务。,https://www.latashajames.com/contact,官方联系页公开邮箱。,15,20,5,10,5,10,65,20,15,15,10,15,75,20,20,0,5,45,64.0,P3,94,82,90,89.6,A,2026-09-13,candidate_verified,not_contacted_case_restriction,,v2.0-evidence-rubric-50-30-20
061,new80,Linus Ekenstam,Inside My Head,AI-native Creator / Designer,Newsletter + AI/design content,https://insidemyhead.ai/about,Official site / partnerships,https://insidemyhead.ai/about,官网赞助/合作入口,AI、设计和数字产品交叉 Creator，经营 Newsletter/社区，适合测试视觉内容和粉丝关系。,High,Newsletter / digital products / partnerships,Very High,High,https://insidemyhead.ai/about,官方 About 展示 AI/设计 Creator 业务。,,,20,20,5,10,10,15,80,0,20,15,10,20,65,0,10,5,5,20,63.5,P3,91,78,75,83.9,A,2026-09-13,candidate_verified,not_contacted_case_restriction,,v2.0-evidence-rubric-50-30-20
039,new80,Marc Lou,Marc Lou,Creator Entrepreneur / Indie Hacker,Newsletter + products + startup portfolio,https://marclou.com/,Official site / social,https://marclou.com/,官网公开社媒/Newsletter,独立开发者型 Creator，持续 Build in Public，并经营 Newsletter、产品和多项 SaaS，AI 工具接受度高。,High,SaaS / digital products / newsletter,High,Medium-High,https://marclou.com/,官方主页展示创业项目与内容品牌。,https://newsletter.marclou.com/,Newsletter 主页显示持续更新。,20,20,5,10,10,10,75,10,20,20,10,20,80,0,0,5,5,10,63.5,P3,87,68,70,77.9,A,2026-09-13,candidate_verified,not_contacted_case_restriction,,v2.0-evidence-rubric-50-30-20
084,new80,Maddie Lymburner,MadFit,Fitness Creator Entrepreneur,YouTube + app + store,https://madfit.co/,Public support email,https://store.madfit.co/pages/contact,team@madfitapp.com,拥有大型健身内容受众、订阅 App 和商店；适合验证内容、订阅和电商一体化。,High,App subscription / ecommerce / sponsorship,Medium,High,https://madfit.co/,官方主页展示 App 与内容业务。,https://store.madfit.co/pages/contact,官方商店联系页。,20,20,5,10,15,5,75,20,5,15,10,20,70,0,0,20,5,25,63.5,P3,95,55,83,80.6,A,2026-09-13,candidate_verified,not_contacted_case_restriction,,v2.0-evidence-rubric-50-30-20
059,new80,Jason Zhou,AI Jason,AI-native Creator / Educator,YouTube + AI tutorials + training,https://www.ai-jason.com/,Public business email,https://www.ai-jason.com/contact,ask@ai-jason.com,长期做 GenAI 教程、应用和培训，技术理解强且公开联系明确，适合快速 Beta 反馈。,High,Training / sponsorship / AI education,Very High,Medium-High,https://www.ai-jason.com/,官方主页展示 AI 内容与产品。,https://www.ai-jason.com/contact,官方联系页公开邮箱。,15,15,5,10,5,15,65,20,20,15,10,15,80,10,20,0,5,35,63.5,P3,91,88,65,84.9,A,2026-09-13,candidate_verified,not_contacted_case_restriction,,v2.0-evidence-rubric-50-30-20
004,pilot20,Chamia Tiarra,The Simple Complex,Creator Entrepreneur / Lifestyle,Podcast + YouTube + store,https://podcasts.apple.com/gb/podcast/the-simple-complex/id1653311009,Public business email / social,https://podcasts.apple.com/gb/podcast/the-simple-complex/id1653311009,节目页公开商务联系,有 Podcast、YouTube、Coaching、Newsletter 和商店，自有受众与服务型变现明确。,High,Coaching / digital products / newsletter,Medium,Medium-High,https://podcasts.apple.com/gb/podcast/the-simple-complex/id1653311009,公开节目页展示持续内容资产与多渠道经营。,,,20,20,10,10,10,5,75,25,5,15,10,20,75,0,0,5,10,15,63.0,P3,89,77,65,80.6,B,2026-09-13,candidate_verified,not_contacted_case_restriction,,v2.0-evidence-rubric-50-30-20
089,new80,Robert Welsh,Robert Welsh,Beauty Creator Entrepreneur,YouTube + Substack + affiliate + podcast,https://linktr.ee/Robertwelsh,Official email link / talent route,https://linktr.ee/Robertwelsh,官方 Linktree Email/商务入口,美妆 Creator，经营 YouTube、Substack、Podcast、Affiliate 与活动，商业路径多元。,High,Affiliate / newsletter / podcast / sponsorship,Medium,Medium-High,https://linktr.ee/Robertwelsh,官方链接页展示多平台与商业资产。,,,20,10,15,15,10,5,75,20,5,15,10,20,70,0,0,5,15,20,62.5,P3,88,75,72,80.9,A,2026-09-13,candidate_verified,not_contacted_case_restriction,,v2.0-evidence-rubric-50-30-20
042,new80,Chenell Basilio,Growth in Reverse,Creator Entrepreneur / Newsletter Educator,Newsletter + creator research,https://growthinreverse.com/about/,Newsletter / public social,https://growthinreverse.com/about/,官网 Newsletter/社媒入口,专注研究 Creator/Newsletter 增长，本身经营高质量 Newsletter，具备高产品反馈与网络扩散价值。,High,Newsletter / sponsorship / research products,Medium-High,High,https://growthinreverse.com/about/,官方 About 展示 Creator 增长研究业务。,https://growthinreverse.substack.com/about,公开 Newsletter 页面。,20,15,5,10,10,10,70,10,10,15,10,20,65,10,20,5,5,40,62.5,P3,91,78,82,85.3,A,2026-09-13,candidate_verified,not_contacted_case_restriction,,v2.0-evidence-rubric-50-30-20
050,new80,Katelyn Bourgoin,Why We Buy,Creator Entrepreneur / Marketing Educator,Newsletter + creator education,https://customercamp.kit.com/profile,Newsletter / LinkedIn / public social,https://customercamp.kit.com/profile,公开 Newsletter / 社媒,经营 Why We Buy Newsletter 和营销教育产品，受众明确且商业化成熟，适合测试内容与受众关系模块。,High,Newsletter / education / sponsorship,Medium-High,High,https://customercamp.kit.com/profile,公开 Creator/Newsletter 主页。,https://www.linkedin.com/newsletters/why-we-buy-7054409240144203776,公开 Newsletter 可交叉核验活跃度。,20,15,5,10,10,10,70,10,10,15,10,20,65,10,20,5,5,40,62.5,P3,94,70,85,85.0,B,2026-09-13,candidate_verified,not_contacted_case_restriction,,v2.0-evidence-rubric-50-30-20
016,pilot20,Ben,DOPEaMineFix,AI-native Creator / AI Artist,Website + social,https://dopeaminefix.carrd.co/,Public business email / social,https://dopeaminefix.carrd.co/,主页公开商务联系,AI Artist、Prompt Engineer、数字内容创作者，有委托和多平台经营，和 Onely 的 AI Identity/Content 强匹配。,Medium-High,Commissions / merch / creator work,High,Low-Medium,https://dopeaminefix.carrd.co/,公开主页汇总 AI 创作、委托、商品与社媒。,,,15,15,5,10,5,15,65,25,20,15,15,15,90,0,10,0,5,15,62.5,P3,86,81,40,75.3,B,2026-09-13,candidate_verified,not_contacted_case_restriction,,v2.0-evidence-rubric-50-30-20
047,new80,Kieran Drew,Kieran Drew,Creator Entrepreneur / Writing Educator,Newsletter + writing courses,https://www.kierandrew.com/,Official site / newsletter,https://www.kierandrew.com/,官网订阅/联系入口,经营写作 Newsletter 与课程，个人品牌商业化明确，团队较轻，适合 Beta。,High,Courses / newsletter / digital products,Medium-High,Medium-High,https://www.kierandrew.com/,官方主页展示 Newsletter 与写作产品。,,,20,20,5,10,10,10,75,0,10,15,10,20,55,10,20,5,5,40,62.0,P3,90,82,72,84.0,A,2026-09-13,candidate_verified,not_contacted_case_restriction,,v2.0-evidence-rubric-50-30-20
080,new80,Alyssa Beltempo,Alyssa Beltempo,Fashion/Lifestyle Creator Entrepreneur,YouTube + newsletter + products,https://msbeltempo.com/,Public business emails,https://msbeltempo.com/pages/contact,alyssa@no-logo.co；alyssa@msbeltempo.com,持续经营慢时尚内容、Newsletter、产品和品牌合作，公开联系清晰、体量适中。,High,Sponsorship / newsletter / digital products,Medium,Medium-High,https://msbeltempo.com/,官方主页。,https://msbeltempo.com/pages/contact,官方联系页公开商务邮箱。,20,20,10,10,10,5,75,20,5,15,10,20,70,0,0,5,10,15,61.5,P3,91,86,65,84.3,A,2026-09-13,candidate_verified,not_contacted_case_restriction,,v2.0-evidence-rubric-50-30-20
060,new80,Ruben Hassid,How to AI,AI-native Creator / Newsletter,AI newsletter + community,https://ruben.substack.com/,Newsletter / official link hub,https://linktr.ee/rubenhassid,公开社媒/联系入口,经营大型 AI Newsletter、付费层与社区，完整覆盖内容、受众、订阅和社区关系。,High,Paid newsletter / community / sponsorship,Very High,High,https://ruben.substack.com/,官方 Newsletter。,https://ruben.substack.com/p/upgrade,公开付费订阅页面。,20,15,10,10,10,15,80,0,20,5,5,20,50,0,10,10,10,30,61.0,P3,95,55,88,81.6,A,2026-09-13,candidate_verified,not_contacted_case_restriction,受众规模大，切换成本较高。,v2.0-evidence-rubric-50-30-20
006,pilot20,Rodupnow,Rodupnow,Creator Entrepreneur,Official Linktree + YouTube + creator products,https://linktr.ee/rodupnow,Official social DM / public business email,https://linktr.ee/rodupnow,Official Linktree links Instagram/TikTok/YouTube; YouTube description publicly lists Rodupnow@gmail.com,经营 YouTube、Creator Mentorship、电子指南与商店，具备自有受众和多种变现方式。,High,Mentorship / digital products / store,Medium,Medium-High,https://linktr.ee/rodupnow,"Official Linktree links main YouTube, Instagram/TikTok/Twitch and paid creator guides/1-on-1 calls.",https://rodupnow.ruclips.net/,"Current YouTube description mirror repeatedly lists business email, creator mentorship and brand/shop links.",15,20,5,10,5,5,60,25,5,15,10,15,70,20,25,0,5,50,61.0,P3,89,65,68,77.6,A,2026-09-13,candidate_verified,not_contacted_case_restriction,"Public email was confirmed from mirrored YouTube descriptions; official Linktree independently confirms identity, channels and monetization assets.",v2.0-evidence-rubric-50-30-20
027,new80,Katie Steckly,Katie Steckly / Creatorly Media,Creator Entrepreneur / Agency,YouTube + agency + creator education,https://katiesteckly.com/,Public partnership email,https://katiesteckly.com/,dan@katiesteckly.com,全职 Creator + Creatorly Media 创办者，同时覆盖内容、客户、团队与教育，适合验证 Creator 和 Agency 两侧。,High,Agency / sponsorship / education / affiliate,High,Very High,https://katiesteckly.com/,官网展示 Creator、Agency 和教育业务。,https://katiesteckly.com/,官网公开合作入口。,15,15,5,10,5,10,60,20,15,10,10,15,70,35,10,0,5,50,61.0,P3,93,82,88,88.7,A,2026-09-13,candidate_verified,not_contacted_case_restriction,,v2.0-evidence-rubric-50-30-20
030,new80,Sunny Lenarduzzi,Sunny Lenarduzzi,Creator Entrepreneur / Business Educator,Courses + coaching + creator education,https://sunnylenarduzzi.com/,Public support email,https://sunnylenarduzzi.com/,support@sunnylenarduzzi.com,经营在线商业教育、课程和 Creator 相关产品，有成熟受众和付费客户。,High,Courses / coaching / community,Medium,Very High,https://sunnylenarduzzi.com/,官方主页展示商业教育业务。,https://sunnylenarduzzi.com/about/,About 页展示创作者/商业背景。,20,20,0,5,10,5,60,20,5,15,10,20,70,10,20,15,5,50,61.0,P3,92,65,90,83.5,A,2026-09-13,candidate_verified,not_contacted_case_restriction,,v2.0-evidence-rubric-50-30-20
070,new80,Lenny Rachitsky,Lenny's Newsletter,Creator Entrepreneur / Tech Media,Newsletter + podcast + community,https://lennyrachitsky.com/,Newsletter / community / sponsorship route,https://www.lennysnewsletter.com/p/community,公开社区/赞助联系,大型 Newsletter、Podcast 和付费社区，内容→受众→订阅→社区闭环完整，网络价值极高。,High,Paid newsletter / community / sponsorship,High,Very High,https://www.lennysnewsletter.com/p/start-here,官方 Newsletter 介绍。,https://www.lennysnewsletter.com/p/community,官方社区页。,20,15,15,15,10,10,85,0,15,0,0,20,35,0,10,10,15,35,60.0,P3,91,35,96,75.2,A,2026-09-13,candidate_verified,not_contacted_case_restriction,极大规模导致三天内陌生触达激活概率较低。,v2.0-evidence-rubric-50-30-20
008,pilot20,Rachel Lee,Curly Money,Tech/SaaS UGC,Website + social,https://curlymoney.com/,Public business email,https://curlymoney.com/,官网公开商务邮箱,工程师转 Creator，专注 SaaS、AI、Fintech；理解软件产品且商业内容经验强，触达性高。,Medium-High,Brand collaborations / UGC services,High,Medium-High,https://curlymoney.com/,官网展示科技垂类、品牌合作与内容成绩。,https://curlymoney.com/,官网提供公开商务联系。,15,15,5,15,5,10,65,20,15,20,15,15,85,0,0,0,5,5,59.0,P3,81,93,72,82.8,A,2026-09-13,candidate_verified,not_contacted_case_restriction,纯 UGC 属性较强，自有粉丝变现闭环需继续验证。,v2.0-evidence-rubric-50-30-20
052,new80,Rowan Cheung,The Rundown AI,AI-native Creator / Media,AI newsletter + social,https://tech.therundown.ai/authors/rowan-cheung,Official link hub / company contact,https://linktr.ee/rowancheung,公开社媒/联系入口,大型 AI Newsletter 与多平台内容经营者，AI 使用频率和 Creator Business 成熟度极高。,High,Newsletter / sponsorship / media,Very High,Very High,https://tech.therundown.ai/authors/rowan-cheung,The Rundown 官方作者页。,https://linktr.ee/rowancheung,官方公开链接页。,20,5,10,15,10,15,75,0,20,5,5,20,50,0,10,5,10,25,57.5,P3,96,45,90,79.5,A,2026-09-13,candidate_verified,not_contacted_case_restriction,头部媒体规模导致陌生触达激活率偏低。,v2.0-evidence-rubric-50-30-20
087,new80,Sadia Badiei,Pick Up Limes,Food/Lifestyle Creator Entrepreneur,Content + app + community,https://www.pickuplimes.com/,Official support/collaboration route,https://www.pickuplimes.com/support,官网 support / collaboration,食物/生活方式 Creator，拥有 App、订阅和社区，具备明显自有受众与产品化能力。,High,App / subscription / community / brand work,Medium,High,https://www.pickuplimes.com/,官方主页。,https://www.pickuplimes.com/support,官方支持/合作入口。,20,20,5,10,15,5,75,0,5,15,10,20,50,0,0,20,5,25,57.5,P3,95,68,88,85.5,A,2026-09-13,candidate_verified,not_contacted_case_restriction,,v2.0-evidence-rubric-50-30-20
079,new80,Audrey Coyne,Audrey Coyne,Fashion/Lifestyle Creator Entrepreneur,YouTube + newsletter + styling,https://www.audreycoyne.com/,Official partnership form,https://www.audreycoyne.com/contact,官网合作/造型咨询表单,时尚生活方式 Creator，拥有稳定 YouTube/Newsletter 受众和合作/服务型变现。,High,Brand partnerships / styling / newsletter,Medium,Medium,https://www.audreycoyne.com/,官方主页。,https://www.audreycoyne.com/contact,官方合作入口。,20,15,10,10,10,5,70,15,5,15,10,20,65,0,0,5,10,15,57.5,P3,91,80,60,81.5,A,2026-09-13,candidate_verified,not_contacted_case_restriction,,v2.0-evidence-rubric-50-30-20
085,new80,Christina Mychas,Christina Mychas,Fashion/Lifestyle Creator Entrepreneur,YouTube + newsletter + product,https://linktr.ee/Christinamychas,Official link hub / social,https://linktr.ee/Christinamychas,公开社媒/商务入口,拥有 YouTube、Newsletter、数字/实体产品和支持社群，规模适中、商业闭环明确。,High,Newsletter / journal product / community / sponsorship,Medium,Medium-High,https://linktr.ee/Christinamychas,官方链接页汇总受众与商业资产。,,,20,15,10,10,10,5,70,10,5,15,10,20,60,0,0,10,10,20,57.0,P3,92,82,70,84.6,A,2026-09-13,candidate_verified,not_contacted_case_restriction,,v2.0-evidence-rubric-50-30-20
029,new80,Thomas Frank,Thomas Frank,Creator Entrepreneur,YouTube + Notion products + newsletter,https://thomasjfrank.com/,Official contact page,https://thomasjfrank.com/contact/,官网商务联系,拥有大型 YouTube 受众、Notion 模板、Newsletter 和 Creator 教育产品，运营栈复杂。,High,Templates / courses / newsletter / sponsorship,High,High,https://thomasjfrank.com/,官方主页展示多种自有数字产品。,https://thomasjfrank.com/contact/,官方联系入口。,20,20,10,10,10,10,80,0,15,5,5,20,45,0,0,5,10,15,56.5,P3,94,50,88,79.6,A,2026-09-13,candidate_verified,not_contacted_case_restriction,成熟团队可能降低短期激活率。,v2.0-evidence-rubric-50-30-20
009,pilot20,Danni,Danni UGC,Tech/SaaS UGC,Portfolio + social,https://danni-ugc-portfolio.rork.app/,Public business email / social,https://danni-ugc-portfolio.rork.app/,Portfolio 公开联系,AI/SaaS/IaaS/PaaS 项目背景与 Tech UGC 结合，理解新软件速度快，适合早期产品测试。,Medium,UGC / brand services,High,Low-Medium,https://danni-ugc-portfolio.rork.app/,公开 Portfolio 展示科技与软件内容案例。,,,10,15,5,15,5,10,60,25,15,20,15,10,85,0,0,0,5,5,56.5,P3,79,91,45,75.8,B,2026-09-13,candidate_verified,not_contacted_case_restriction,需验证是否经营自有受众，而非仅交付品牌素材。,v2.0-evidence-rubric-50-30-20
083,new80,Caroline Girvan,Caroline Girvan / CGX,Fitness Creator Entrepreneur,YouTube + paid fitness platform,https://carolinegirvan.com/,Official site / link hub,https://linktr.ee/carolinegirvan,官网/公开社媒入口,从免费 YouTube 受众延伸到 CGX 付费平台和社区，订阅业务与 Onely 高度相关。,High,Paid fitness platform / subscriptions / community,Medium,Very High,https://carolinegirvan.com/,官方主页。,https://linktr.ee/carolinegirvan,官方链接页展示 CGX 与多平台入口。,20,20,5,10,15,5,75,0,5,10,10,20,45,0,0,20,5,25,56.0,P3,94,45,90,78.5,A,2026-09-13,candidate_verified,not_contacted_case_restriction,业务已平台化，切换成本较高。,v2.0-evidence-rubric-50-30-20
086,new80,Adriene Mishler,Yoga With Adriene,Fitness/Wellness Creator Entrepreneur,YouTube + paid membership,https://yogawithadriene.com/,Public business email,https://yogawithadriene.com/contact,business@yogawithadriene.com,超成熟 Wellness Creator，免费内容+FWFG 付费会员+社区闭环完整，Fit 极高。,High,Membership / programs / sponsorship,Medium,Very High,https://yogawithadriene.com/,官方主页。,https://yogawithadriene.com/contact,官方联系页公开商务邮箱。,20,20,5,10,15,5,75,20,5,0,0,20,45,0,0,20,5,25,56.0,P3,96,40,93,78.6,A,2026-09-13,candidate_verified,not_contacted_case_restriction,头部成熟业务，短期激活概率有限。,v2.0-evidence-rubric-50-30-20
044,new80,George Mack,George Mack,Creator Entrepreneur / Writer,Newsletter + social,https://george-mack.com/,Official site / social,https://george-mack.com/,官网公开订阅/社媒入口,经营高辨识度写作与 Newsletter 个人品牌，内容分发和受众经营强。,High,Newsletter / creator products,Medium,Medium-High,https://george-mack.com/,官方个人网站。,https://threadreaderapp.com/thread/1751522832545107992,公开线程可交叉核验其 Newsletter 品牌。,20,15,10,10,10,5,70,10,5,15,10,20,60,0,0,5,10,15,56.0,P3,86,55,70,73.5,B,2026-09-13,candidate_verified,not_contacted_case_restriction,提交前建议再次确认当前商务联系入口。,v2.0-evidence-rubric-50-30-20
023,new80,Amy Porterfield,Amy Porterfield,Creator Entrepreneur / Educator,Courses + podcast + community,https://www.amyporterfield.com/online-business-programs,Official contact / support,https://www.amyporterfield.com/contact,官网客服/联系渠道,以课程、会员、播客和在线商业教育为核心，拥有成熟自有受众和付费产品。,High,Courses / membership / mastermind / podcast,Medium,Very High,https://www.amyporterfield.com/online-business-programs,官方页面展示多层级教育产品。,https://www.amyporterfield.com/contact,官方联系入口。,20,20,10,10,15,5,80,0,5,0,0,20,25,10,0,20,10,40,55.5,P3,92,50,95,80.0,A,2026-09-13,candidate_verified,not_contacted_case_restriction,头部成熟团队，三天内激活概率低于中腰部创作者。,v2.0-evidence-rubric-50-30-20
081,new80,James Welsh,James Welsh,Beauty Creator Entrepreneur,YouTube + podcast + affiliate,https://linktr.ee/james_welsh,Public business email,https://linktr.ee/james_welsh,james.welsh@outreachtalentgroup.com,美妆/护肤 Creator，多平台内容、Podcast、Affiliate 和品牌合作成熟，典型非 Tech 商业 Creator。,High,Affiliate / sponsorship / podcast / shop,Medium,High,https://linktr.ee/james_welsh,官方链接页展示多平台、商业链接和商务邮箱。,,,20,15,10,10,5,5,65,20,5,15,10,20,70,0,0,0,10,10,55.5,P3,90,75,75,82.5,A,2026-09-13,candidate_verified,not_contacted_case_restriction,,v2.0-evidence-rubric-50-30-20
078,new80,Krissy Cela,Krissy Cela / EvolveYou / Oner Active,Fitness Creator Entrepreneur,Fitness app + brand + social,https://krissycela.com/,Official contact form,https://krissycela.com/pages/contact,官网联系表单,从 Creator 扩展到 Fitness App 和服装品牌，商业闭环极强，但已是成熟公司化运营。,High,App / ecommerce / brand / subscriptions,Medium,Very High,https://krissycela.com/,官方主页展示创作者与品牌业务。,https://krissycela.com/pages/contact,官方联系入口。,20,20,5,5,15,5,70,15,5,5,5,20,50,0,0,20,5,25,55.0,P3,96,35,92,76.9,A,2026-09-13,candidate_verified,not_contacted_case_restriction,团队成熟、迁移成本很高。,v2.0-evidence-rubric-50-30-20
034,new80,Sahil Bloom,Sahil Bloom,Creator Entrepreneur,Newsletter + podcast + investment/business,https://www.sahilbloom.com/,Public business email,https://www.sahilbloom.com/contact,sahil@sahilbloom.com,大型 Newsletter 与个人内容品牌，有成熟商业体系和受众；Fit 高但短期回复概率偏低。,High,Newsletter / sponsorship / products / investments,Medium,High,https://www.sahilbloom.com/,官方主页展示内容和商业体系。,https://www.sahilbloom.com/contact,官方联系页。,20,15,10,10,10,5,70,20,5,5,5,20,55,0,0,5,10,15,54.5,P3,90,45,78,74.1,A,2026-09-13,candidate_verified,not_contacted_case_restriction,体量较大、接触门槛高。,v2.0-evidence-rubric-50-30-20
090,new80,Chloe Ting,Chloe Ting,Fitness Creator Entrepreneur,Fitness programs + premium subscription + merch,https://chloeting.com/,Official site / social,https://chloeting.com/,官网/公开社媒入口,拥有大型健身受众、免费项目、Premium 订阅和商品，Creator Business 闭环强。,High,Premium subscription / merch / fitness programs,Medium,High,https://chloeting.com/,官方主页。,https://chloeting.com/subscribe,官方付费订阅页。,20,20,0,5,15,5,65,10,5,15,10,20,60,0,0,20,0,20,54.5,P3,94,40,85,76.0,B,2026-09-13,candidate_verified,not_contacted_case_restriction,需要二次核对当前最合适的商务联系入口。,v2.0-evidence-rubric-50-30-20
045,new80,Jade Darmawangsa,Jade Darmawangsa,Creator Entrepreneur / Media,YouTube + social + media company,https://linktr.ee/jadedarmawangsa_,Official link hub / social,https://linktr.ee/jadedarmawangsa_,官方社媒/商务入口,长期经营 Creator/媒体业务并跨平台创作，具备品牌合作与年轻受众。,High,Media / sponsorship / creator services,Medium-High,High,https://linktr.ee/jadedarmawangsa_,官方链接页汇总多平台与业务入口。,,,15,15,5,15,5,10,65,10,10,15,10,15,60,0,10,0,5,15,53.5,P3,80,70,75,76.0,B,2026-09-13,candidate_verified,not_contacted_case_restriction,,v2.0-evidence-rubric-50-30-20
046,new80,Dan Koe,Dan Koe,Creator Entrepreneur,Newsletter + courses + digital products,https://thedankoe.com/,Newsletter / official site,https://thedankoe.com/,官网订阅/公开社媒,典型 One-Person Business Creator，经营 Newsletter、课程和数字产品，并持续讨论 AI 与个人商业。,High,Courses / newsletter / digital products,High,High,https://thedankoe.com/,官方主页展示个人商业和内容产品。,https://letters.thedankoe.com/,官方 Newsletter。,20,20,5,10,10,10,75,0,15,5,5,20,45,0,0,5,5,10,53.0,P3,92,55,80,78.5,A,2026-09-13,candidate_verified,not_contacted_case_restriction,规模较大，短期陌生触达转化可能偏低。,v2.0-evidence-rubric-50-30-20
053,new80,Allie K. Miller,Allie K. Miller,AI-native Creator / Educator,AI education + social,https://events.alliekmiller.com/,Official site / support route,https://events.alliekmiller.com/,官网课程/支持入口,AI 教育者、讲师和大规模社媒创作者，有明确培训/产品化业务，适合高质量产品反馈。,High,Workshops / programs / speaking,Very High,High,https://events.alliekmiller.com/,官方课程与活动主页。,https://events.alliekmiller.com/archived-workshop,官方页面展示 AI 培训与受众规模。,15,20,5,5,5,15,65,0,20,5,5,15,45,10,20,0,5,35,53.0,P3,93,45,85,77.0,A,2026-09-13,candidate_verified,not_contacted_case_restriction,规模较大，短期触达难度高。,v2.0-evidence-rubric-50-30-20
013,pilot20,Victoria Vicente,Victoria Vicente UGC,Tech/SaaS UGC,Portfolio + social,https://victoriavicenteugcportfolio.my.canva.site/,Public business email,https://victoriavicenteugcportfolio.my.canva.site/,Portfolio 公开邮箱,Tech UGC 垂类，有 App 内容案例、可直接触达；适合测试内容生产侧价值。,Low-Medium,UGC / brand services,High,Low,https://victoriavicenteugcportfolio.my.canva.site/,Portfolio 展示科技内容与商务入口。,,,5,15,5,15,5,10,55,20,15,20,15,10,80,0,0,0,5,5,52.5,P3,72,91,35,70.3,B,2026-09-13,candidate_verified,not_contacted_case_restriction,产品匹配主要集中在内容生产端。,v2.0-evidence-rubric-50-30-20
014,pilot20,Shien Manguino,UGC by Shien,Tech/SaaS UGC,Portfolio + social,https://ugcbyshien.my.canva.site/,Public business email,https://ugcbyshien.my.canva.site/,Portfolio 公开邮箱,Tech/SaaS 垂类、可直接触达，适合快速 Beta 试用和内容工作流反馈。,Low-Medium,UGC / brand services,High,Low,https://ugcbyshien.my.canva.site/,Portfolio 展示 Tech/SaaS 商业内容。,,,5,15,5,15,5,10,55,20,15,20,15,10,80,0,0,0,5,5,52.5,P3,72,91,35,70.3,B,2026-09-13,candidate_verified,not_contacted_case_restriction,需验证自有 Audience 与 Owned Monetization。,v2.0-evidence-rubric-50-30-20
007,pilot20,Rose Hobo,Rose Hobo / Timeless Designers,AI-native Creator / Creative Director,Website + Instagram,https://www.timeless-designers.com/rose,Website business contact,https://www.timeless-designers.com/rose,官网商务联系,AI Artist + Creative Director，已有全球商业项目与视觉内容受众，适合测试 AI Identity 和内容工作流。,High,Commercial creative projects / services,High,Medium,https://www.timeless-designers.com/rose,官方页面展示 AI 艺术、商业项目及创作者身份。,,,15,15,5,10,5,15,65,0,20,10,10,15,55,0,10,0,5,15,52.0,P3,91,55,60,74.0,A,2026-09-13,candidate_verified,not_contacted_case_restriction,业务较成熟，可能已有固定制作流程。,v2.0-evidence-rubric-50-30-20
095,new80,Milla Sofia,Milla Sofia,Virtual / AI Character,Virtual artist/model + social,https://millasofia.eth.limo/,Public business email,https://millasofia.eth.limo/,milla.sofiafin@gmail.com,虚拟音乐/时尚 Creator，拥有多平台内容与明确公开邮箱，触达成本较低。,High,Music / fashion / brand creator activity,Very High,Medium,https://millasofia.eth.limo/,官方主页展示虚拟创作者身份、社媒与联系。,,,15,15,5,5,5,15,60,20,15,10,10,15,70,0,0,0,5,5,52.0,P3,94,90,55,85.0,A,2026-09-13,candidate_verified,not_contacted_case_restriction,,v2.0-evidence-rubric-50-30-20
099,new80,APOKI,APOKI / AFUN Interactive,Virtual / AI Character,Virtual K-pop artist + social,https://www.apoki.ai/,Public studio email,https://www.apoki.ai/,info@afun-interactive.com,虚拟 K-pop Artist，拥有大型跨平台受众、音乐产品和品牌合作，适合 Character-led Brand 与 Fan Relationship 场景。,High,Music / virtual IP / brand collaborations,Very High,Very High,https://www.apoki.ai/,官方主页展示虚拟艺人、内容、受众与品牌合作。,https://www.apoki.ai/,官方 Contact 公开工作室邮箱。,15,15,5,5,5,15,60,20,15,10,10,15,70,0,0,0,5,5,52.0,P3,98,72,95,89.6,A,2026-09-13,candidate_verified,not_contacted_case_restriction,,v2.0-evidence-rubric-50-30-20
073,new80,Pieter Levels,levelsio,AI-native Creator / Indie Hacker,Build-in-public + AI products,https://levels.io/,Public X mention only,https://levels.io/contact-levelsio,官网明确说明仅接受公开 X 互动,AI 产品构建者、Build in Public 影响力强，Fit 高但可触达性极低，适合作为低优先级对照样本。,High,SaaS / AI products / public creator brand,Very High,Medium,https://levels.io/,官方个人/产品主页。,https://levels.io/contact-levelsio,官方联系页明确其可联系边界。,15,20,0,5,0,15,55,10,20,20,10,15,75,0,10,0,0,10,52.0,P3,90,15,60,61.5,A,2026-09-13,candidate_verified,not_contacted_case_restriction,不应尝试绕过其公开联系偏好；只保留公开 X 互动渠道。,v2.0-evidence-rubric-50-30-20
076,new80,Cassey Ho,Blogilates,Lifestyle/Fitness Creator Entrepreneur,YouTube + blog + products,https://www.blogilates.com/,Public business emails,https://www.blogilates.com/contact/,sam@blogilates.com；jen-ai@blogilates.com,大型健身 Creator，拥有内容、商品、社群和品牌合作，能测试 Onely 的非 Tech 场景。,High,Products / sponsorship / fitness programs / brand,Medium,Very High,https://www.blogilates.com/,官方主页。,https://www.blogilates.com/contact/,官方联系页公开商务邮箱。,15,20,10,10,5,5,65,20,5,5,5,20,55,0,0,0,10,10,51.0,P3,96,50,90,81.0,A,2026-09-13,candidate_verified,not_contacted_case_restriction,规模很大，作为高 Fit 参照而非首日优先对象。,v2.0-evidence-rubric-50-30-20
056,new80,Ammaar Reshi,Ammaar Reshi,AI-native Creator / Designer,Website + social,https://ammaar.com/,Public business email,https://ammaar.com/,hey@ammaar.com,长期生成式 AI 创作与设计内容，公开构建 AI 项目，采用新工具阻力低。,High,Creator partnerships / AI projects / design work,Very High,Medium,https://ammaar.com/,官方主页展示 AI 创作与公开联系。,,,15,5,5,5,5,15,50,20,20,15,10,10,75,0,10,0,5,15,50.5,P3,89,72,55,77.1,A,2026-09-13,candidate_verified,not_contacted_case_restriction,,v2.0-evidence-rubric-50-30-20
012,pilot20,Alyssa Prado,Alyssa Prado UGC,Tech/SaaS Creator,Website + social,https://ugc.alyssaprado.com/,Public email / contact form,https://ugc.alyssaprado.com/,官网公开联系,长期科技视频经验，兼具 AI Tool 内容与 Affiliate 信号，产品理解和商业意愿较强。,Medium-High,UGC / affiliate / brand work,High,Low-Medium,https://ugc.alyssaprado.com/,官网展示 Tech/AI 内容及商务合作。,,,15,10,5,5,5,10,50,25,15,15,15,10,80,0,0,0,5,5,50.0,P3,81,83,45,74.4,B,2026-09-13,candidate_verified,not_contacted_case_restriction,,v2.0-evidence-rubric-50-30-20
091,new80,Noonoouri,Noonoouri,Virtual / AI Character,Virtual fashion/music creator,https://www.noonoouri.com/,Studio / official site inquiry,https://www.noonoouri.com/,官方 Studio/品牌合作入口,长期运营的数字角色，覆盖时尚、音乐与品牌合作，是 Character-led Brand 的直接目标样本。,High,Brand collaborations / music / virtual IP,Very High,High,https://www.noonoouri.com/,官方主页可核验数字角色和商业合作。,,,15,15,0,5,0,15,50,15,15,5,10,15,60,35,0,0,0,35,50.0,P3,98,45,88,80.1,B,2026-09-13,candidate_verified,not_contacted_case_restriction,由 Studio 管理，需面向运营方而非角色本人设计触达。,v2.0-evidence-rubric-50-30-20
055,new80,Riley Brown,Riley Brown / Vibecode,AI-native Creator,AI creator + startup,https://link.me/rileybrown,Public business email,https://link.me/rileybrown,riley@notanumber.com,AI Explorer/Educator、Vibecode 创办者，持续展示 AI 构建工作流且有公开赞助联系。,High,Sponsorship / startup / creator media,Very High,Medium-High,https://link.me/rileybrown,官方链接页展示 Creator、Vibecode 与商务联系。,,,15,5,0,10,0,15,45,20,20,15,10,10,75,10,10,0,5,25,50.0,P3,93,88,72,87.3,A,2026-09-13,candidate_verified,not_contacted_case_restriction,,v2.0-evidence-rubric-50-30-20
015,pilot20,Jonathan Popp,Popp UGC,Tech/SaaS UGC,LinkedIn + portfolio,https://www.linkedin.com/in/jonathan-popp-558864242,Public business contact,https://www.poppugc.com,Portfolio / LinkedIn 商务入口,有 SaaS UGC 经验、易于理解软件价值，但自有粉丝关系和产品变现信号较弱。,Low-Medium,UGC / SaaS content services,High,Low,https://www.linkedin.com/in/jonathan-popp-558864242,公开职业主页可核验 Creator 身份。,https://www.poppugc.com,公开 Portfolio 展示 SaaS UGC。,5,20,5,15,0,10,55,10,15,20,15,10,70,0,0,0,5,5,49.5,P3,70,87,30,67.1,B,2026-09-13,candidate_verified,not_contacted_case_restriction,,v2.0-evidence-rubric-50-30-20
057,new80,Bilawal Sidhu,Bilawal Sidhu,AI-native Creator / VFX,Video + AI/VFX social,https://bilawal.ai/,Public partnership contact,https://bilawal.ai/,官网合作联系,大型 Tech/AI/VFX Creator，擅长视觉内容和生成式 AI，适合 Identity/Content 模块。,High,Sponsorship / consulting / creator media,Very High,High,https://bilawal.ai/,官方主页展示 AI/VFX 创作者业务与受众。,,,15,15,5,10,5,15,65,0,20,5,5,15,45,0,10,0,5,15,49.0,P3,94,55,82,79.9,A,2026-09-13,candidate_verified,not_contacted_case_restriction,规模较大，短期回复率可能较低。,v2.0-evidence-rubric-50-30-20
077,new80,Natacha Océane,Natacha Océane,Fitness Creator Entrepreneur,YouTube + fitness products,https://natachaoceane.com/,Official contact form,https://natachaoceane.com/pages/contact,官网联系表单,长期健身内容 Creator，拥有自有受众与产品/商业合作，适合检验 Onely 在健身垂类的价值。,High,Fitness products / sponsorship / programs,Medium,Medium,https://natachaoceane.com/,官方主页。,https://natachaoceane.com/pages/contact,官方联系页。,15,20,5,10,5,5,60,15,5,15,10,15,60,0,0,0,5,5,49.0,P3,90,70,60,78.0,A,2026-09-13,candidate_verified,not_contacted_case_restriction,,v2.0-evidence-rubric-50-30-20
092,new80,Shudu,Shudu / The Diigitals,Virtual / AI Character,Virtual fashion model,https://www.thediigitals.com/shudu,Public studio emails,https://www.thediigitals.com/shudu,Cameron@thediigitals.com；Tom@thediigitals.com,成熟数字超模，已有品牌项目和可验证工作室联系；适合测试虚拟角色的 Identity、Content、Commerce。,High,Brand campaigns / virtual modeling,Very High,Very High,https://www.thediigitals.com/shudu,The Diigitals 官方角色页。,https://www.thediigitals.com/,工作室官方主页与合作入口。,15,5,0,10,0,15,45,20,15,10,10,10,65,35,0,0,0,35,49.0,P3,98,72,95,89.6,A,2026-09-13,candidate_verified,not_contacted_case_restriction,,v2.0-evidence-rubric-50-30-20
011,pilot20,Ally Li,Ally Li,Tech/SaaS Creator,Portfolio + social,https://allysugc.my.canva.site/,Public business email,https://allysugc.my.canva.site/,Portfolio 公开邮箱,Gen-Z Tech Creator，有 AI 工具内容和账号增长经验；兼具内容生产与分发能力。,Medium-High,Brand collaborations / UGC,High,Medium,https://allysugc.my.canva.site/,Portfolio 展示科技内容、增长成绩和商务入口。,,,15,5,5,5,5,10,45,20,15,15,15,10,75,0,10,0,5,15,48.0,P3,83,87,50,77.6,B,2026-09-13,candidate_verified,not_contacted_case_restriction,,v2.0-evidence-rubric-50-30-20
096,new80,Kyra,Kyra / FUTR Studios,Virtual / AI Character,Virtual celebrity + brand campaigns,https://www.futrstudios.in/,Public studio email / contact form,https://www.futrstudios.in/,founders@futrstudios.in,印度虚拟 Celebrity，背后工作室专门运营 Virtual Human，并有明确品牌合作能力；高 Fit 且具有一对多网络价值。,High,Brand campaigns / virtual human studio,Very High,Very High,https://www.futrstudios.in/,FUTR Studios 官方主页明确 Kyra 为虚拟 Celebrity 并公开联系。,https://www.linkedin.com/posts/futr-studios_work-with-an-ai-influencer-for-your-next-activity-7209420670198325248-jN3h,工作室公开品牌合作案例可交叉核验。,15,5,0,5,0,15,40,25,15,10,10,10,70,35,0,0,0,35,48.0,P3,97,82,95,92.1,A,2026-09-13,candidate_verified,not_contacted_case_restriction,,v2.0-evidence-rubric-50-30-20
088,new80,Nicole McPherson,Move With Nicole,Fitness Creator,YouTube + fitness platform,https://movewithnicole.com.au/,Official link hub / social,https://linktr.ee/movewithnicole,官网/社媒入口,持续运营 Pilates/Fitness 内容和多平台受众，并延伸到训练平台；适合测试内容与会员场景。,High,Fitness programs / platform / sponsorship,Medium,Medium-High,https://movewithnicole.com.au/,官方主页。,https://linktr.ee/movewithnicole,官方链接页。,15,20,5,10,5,5,60,10,5,15,10,15,55,0,0,0,5,5,47.5,P3,91,75,70,82.0,A,2026-09-13,candidate_verified,not_contacted_case_restriction,,v2.0-evidence-rubric-50-30-20
018,pilot20,AmirrezaVision,AmirrezaVision,AI-native Creator / AI Artist,Portfolio + social,https://gondola.cc/amirrezavision,Public social DM,https://gondola.cc/amirrezavision,主页标注 Business Inquiries / DM,AI Artist、有可见受众并面向商业创作；采用 AI 工具阻力低。,High,Commercial AI art / brand work,High,Low-Medium,https://gondola.cc/amirrezavision,公开作品页展示 AI Artist 身份和商务入口。,,,15,5,5,5,5,15,50,10,20,15,10,10,65,0,10,0,5,15,47.5,P3,86,72,35,71.6,B,2026-09-13,candidate_verified,not_contacted_case_restriction,,v2.0-evidence-rubric-50-30-20
005,pilot20,MattVidPro,MattVidPro,AI-native Creator,YouTube,https://www.youtube.com/@MattVidPro,Brand form / public business contact,https://open.subsub.io/channels/mattvidpro/view,YouTube About / 品牌联系渠道,长期覆盖生成式 AI 与机器学习，拥有成熟技术受众，Beta 反馈质量高，但规模较大、切换成本偏高。,High,Sponsorships / media creator business,High,High,https://www.youtube.com/@MattVidPro,主要公开主页。,https://open.subsub.io/channels/mattvidpro/view,公开频道资料汇总其受众与品牌联系信息。,15,5,5,10,5,15,55,15,20,5,5,10,55,0,10,0,5,15,47.0,P3,94,56,72,78.2,B,2026-09-13,candidate_verified,not_contacted_case_restriction,规模较大，预计回复和激活速度低于中腰部 Creator。,v2.0-evidence-rubric-50-30-20
069,new80,Kallaway,Kallaway,AI-native Creator,Tech & AI content + startup,https://www.kallaway.co/,Public business email,https://link.me/kallaway,biz@wavylabs.co,Tech & AI Creator，同时构建 AI 产品；公开商务邮箱明确，适合快速测试新工具。,High,Sponsorship / startup / creator content,Very High,High,https://www.kallaway.co/,官方 Creator 网站。,https://link.me/kallaway,官方链接页公开商务联系。,15,5,0,10,0,15,45,20,20,15,10,10,75,0,10,0,0,10,47.0,P3,93,89,82,89.6,A,2026-09-13,candidate_verified,not_contacted_case_restriction,,v2.0-evidence-rubric-50-30-20
017,pilot20,Zoe Heart,Zoe Heart,Virtual / AI Character,Website + social,https://zoeheart.com/,Business inquiry form,https://zoeheart.com/,官网 Business Inquiry,明确的 Virtual Influencer，持续时尚/生活内容并寻求品牌合作，适合 Character-led Brand 场景。,High,Brand partnerships / virtual creator business,High,Medium,https://zoeheart.com/,官方主页可核验虚拟创作者身份和商务合作。,,,15,5,5,10,5,15,55,15,15,10,10,10,60,0,0,0,5,5,46.5,P3,87,76,50,76.3,B,2026-09-13,candidate_verified,not_contacted_case_restriction,,v2.0-evidence-rubric-50-30-20
062,new80,Pietro Schirano,Pietro Schirano / MagicPath,AI-native Creator / Builder,AI product + social,https://www.magicpath.ai/blog,Company/site contact / social,https://www.magicpath.ai/,官网/社媒联系,AI 创作者与产品构建者，2026 仍活跃于 AI 创意工具生态，对 Codex/AI 工作流高度敏感。,High,AI startup / creator content,Very High,Medium-High,https://www.magicpath.ai/blog,MagicPath 官方博客显示持续 AI 产品内容。,https://www.magicpath.ai/,官方产品主页。,15,0,5,5,5,15,45,10,20,20,10,10,70,0,10,0,5,15,46.5,P3,94,70,70,82.0,A,2026-09-13,candidate_verified,not_contacted_case_restriction,,v2.0-evidence-rubric-50-30-20
072,new80,Packy McCormick,Not Boring,Creator Entrepreneur / Newsletter,Newsletter + investing/media,https://www.notboring.co/about,Newsletter / official site,https://www.notboring.co/about,官方 Newsletter/社媒入口,大型 Newsletter 与投资/媒体业务，拥有自有受众和付费/商业化能力，但短期切换动力一般。,High,Newsletter / media / investing,Medium-High,High,https://www.notboring.co/about,官方 About 展示 Newsletter 业务与受众。,,,20,0,5,10,10,10,55,0,10,15,10,15,50,0,0,5,5,10,44.5,P3,86,45,78,72.1,A,2026-09-13,candidate_verified,not_contacted_case_restriction,,v2.0-evidence-rubric-50-30-20
094,new80,Aitana López,Aitana López / The Clueless,Virtual / AI Character,AI influencer + brand campaigns,https://www.theclueless.ai/project/aitana-lopez,Official studio contact,https://www.theclueless.ai/,The Clueless 官方商务入口,明确的 AI Influencer，已进行多品牌商业合作；与 AI Identity、持续内容、粉丝和商业化模块直接匹配。,High,Brand partnerships / virtual creator IP,Very High,High,https://www.theclueless.ai/project/aitana-lopez,The Clueless 官方项目页。,https://www.theclueless.ai/,工作室官方主页。,15,5,0,10,0,15,45,15,15,10,10,10,60,0,0,0,0,0,40.5,P3,97,75,92,89.4,A,2026-09-13,candidate_verified,not_contacted_case_restriction,,v2.0-evidence-rubric-50-30-20
082,new80,Sarah Stevenson,Sarah's Day,Lifestyle/Fitness Creator Entrepreneur,YouTube + fitness programs + products,https://sarahsday.com/pages/about,Official site contact,https://sarahsday.com/,官网 Contact Us / support,生活方式/健身 Creator，拥有大规模受众、训练计划、食谱和商品，完整商业链路明显。,High,Fitness programs / cookbook / ecommerce / sponsorship,Medium,High,https://sarahsday.com/pages/about,官方 About 展示 Creator 身份与受众。,https://sarahsday.com/,官方商业主页。,15,20,5,10,5,5,60,0,5,5,5,15,30,0,0,0,5,5,40.0,P3,95,55,85,81.0,A,2026-09-13,candidate_verified,not_contacted_case_restriction,成熟团队，触达成本高。,v2.0-evidence-rubric-50-30-20
093,new80,imma,imma / Aww Inc.,Virtual / AI Character,Virtual human + brand campaigns,https://aww.tokyo/en/vhuman/,Official company contact form,https://hito.aww.tokyo/contact/,Aww 官方联系表单,Aww 旗下代表性虚拟人，跨品牌和内容场景运营，和 Onely 的 Character-led Brand 高度契合。,High,Brand campaigns / virtual IP,Very High,Very High,https://aww.tokyo/en/vhuman/,Aww 官方 Virtual Human 页面。,https://hito.aww.tokyo/contact/,Aww 官方业务联系入口。,15,5,0,5,0,15,40,15,15,5,10,10,55,0,0,0,0,0,36.5,P3,98,65,98,88.1,A,2026-09-13,candidate_verified,not_contacted_case_restriction,联系对象实际是 Aww 团队。,v2.0-evidence-rubric-50-30-20
097,new80,Lu do Magalu,Lu do Magalu / Magalu Ads,Virtual / AI Character,Virtual influencer + commerce,https://magaluads.com.br/produto/lu-do-magalu/,Public business email / form,https://magaluads.com.br/produto/lu-do-magalu/,magaluads@magazineluiza.com.br,超大规模虚拟 Influencer，拥有商业广告、受众和电商关联；用于验证 Character-led Commerce，但并非短期高转化对象。,High,Brand advertising / commerce / virtual IP,Very High,Very High,https://magaluads.com.br/produto/lu-do-magalu/,官方商业页面提供受众、案例和公开联系。,,,15,5,0,5,0,15,40,25,15,0,0,10,50,0,0,0,0,0,35.0,P3,98,35,98,79.1,A,2026-09-13,candidate_verified,not_contacted_case_restriction,企业级成熟虚拟 IP，适合作为高 Fit 低 Activation 对照。,v2.0-evidence-rubric-50-30-20
